{"agent": {"receptacle": false, "cameraHorizon": 0.0, "objectType": "", "objectId": "", "timeleft": 0.0, "isopen": false, "isactivate": false, "receptacleCount": 0, "bounds3D": [], "temperature": 0.0, "visible": false, "parentReceptacle": "", "receptacleObjectIds": [], "pickupable": false, "position": {"y": 0.9799986481666565, "x": -1.25, "z": -2.0}, "pivotSimObjs": [], "openable": false, "distance": 0.0, "rotation": {"y": 90.0, "x": 0.0, "z": 0.0}, "activatable": false, "name": "agent"}, "colorBounds": [], "objects": [{"receptacle": false, "cameraHorizon": 0.0, "objectType": "Tomato", "objectId": "Tomato|-00.46|+00.92|-01.76", "timeleft": 0.0, "isopen": false, "isactivate": false, "receptacleCount": 0, "bounds3D": [-0.4949515759944916, 0.9215707182884216, -1.7890204191207886, -0.431148499250412, 0.9750029444694519, -1.7252272367477417], "temperature": 77.0, "visible": false, "parentReceptacle": "", "receptacleObjectIds": [], "pickupable": true, "position": {"y": 0.921999990940094, "x": -0.46000000834465027, "z": -1.7580000162124634}, "pivotSimObjs": [], "openable": false, "distance": 0.8282679319381714, "rotation": {"y": 0.0, "x": 0.0, "z": 0.0}, "activatable": false, "name": "Tomato"}, {"receptacle": true, "cameraHorizon": 0.0, "objectType": "Fridge", "objectId": "Fridge|-00.22|00.00|-00.83", "timeleft": 0.0, "isopen": false, "isactivate": false, "receptacleCount": 6, "bounds3D": [-0.40836191177368164, 0.14085793495178223, -1.15748929977417, 0.030406057834625244, 1.7145073413848877, -0.5005106925964355], "temperature": 77.0, "visible": false, "parentReceptacle": "", "receptacleObjectIds": ["Egg|-00.21|+00.27|-00.83", "Lettuce|-00.33|+00.74|-00.69"], "pickupable": false, "position": {"y": -0.0010000000474974513, "x": -0.22300000488758087, "z": -0.8289999961853027}, "pivotSimObjs": [{"objectId": "Egg|-00.21|+00.27|-00.83", "pivotId": 0}, {"objectId": "Lettuce|-00.33|+00.74|-00.69", "pivotId": 1}], "openable": true, "distance": 1.8407412767410278, "rotation": {"y": 270.0, "x": 0.0, "z": 0.0}, "activatable": false, "name": "Fridge1"}, {"receptacle": true, "cameraHorizon": 0.0, "objectType": "GarbageCan", "objectId": "GarbageCan|-00.36|00.00|-00.21", "timeleft": 0.0, "isopen": false, "isactivate": false, "receptacleCount": 1, "bounds3D": [-0.553860604763031, 0.2711416482925415, -0.4028606414794922, -0.16013938188552856, 0.6648629307746887, -0.00913935899734497], "temperature": 77.0, "visible": false, "parentReceptacle": "", "receptacleObjectIds": [], "pickupable": false, "position": {"y": -3.196139175543067e-08, "x": -0.3569999933242798, "z": -0.20600000023841858}, "pivotSimObjs": [], "openable": false, "distance": 2.2307581901550293, "rotation": {"y": 0.0, "x": 0.0, "z": 0.0}, "activatable": false, "name": "GarbageCan"}, {"receptacle": true, "cameraHorizon": 0.0, "objectType": "TableTop", "objectId": "TableTop|-02.08|+00.97|-03.62", "timeleft": 0.0, "isopen": false, "isactivate": false, "receptacleCount": 4, "bounds3D": [-2.575000047683716, 0.8809987902641296, -3.6469979286193848, -1.5749995708465576, 0.9809988141059875, -3.306997776031494], "temperature": 77.0, "visible": false, "parentReceptacle": "", "receptacleObjectIds": [], "pickupable": false, "position": {"y": 0.967998743057251, "x": -2.0749998092651367, "z": -3.622997760772705}, "pivotSimObjs": [], "openable": false, "distance": 1.8206840753555298, "rotation": {"y": 90.0, "x": 0.0, "z": 0.0}, "activatable": false, "name": "Tabletop"}, {"receptacle": false, "cameraHorizon": 0.0, "objectType": "Egg", "objectId": "Egg|-00.21|+00.27|-00.83", "timeleft": 0.0, "isopen": false, "isactivate": false, "receptacleCount": 0, "bounds3D": [-0.24254396557807922, 0.2711706757545471, -0.8578107357025146, -0.18492531776428223, 0.3472771644592285, -0.8001892566680908], "temperature": 77.0, "visible": false, "parentReceptacle": "Fridge|-00.22|00.00|-00.83", "receptacleObjectIds": [], "pickupable": true, "position": {"y": 0.2719060778617859, "x": -0.2137332558631897, "z": -0.8289999961853027}, "pivotSimObjs": [], "openable": false, "distance": 1.716532826423645, "rotation": {"y": 270.0, "x": 0.0, "z": 0.0}, "activatable": false, "name": "Egg"}, {"receptacle": false, "cameraHorizon": 0.0, "objectType": "Apple", "objectId": "Apple|-00.40|+00.93|-02.02", "timeleft": 0.0, "isopen": false, "isactivate": false, "receptacleCount": 0, "bounds3D": [-0.4472658634185791, 0.9392541646957397, -2.067169666290283, -0.3599953055381775, 1.0306587219238281, -1.9809422492980957], "temperature": 77.0, "visible": false, "parentReceptacle": "", "receptacleObjectIds": [], "pickupable": true, "position": {"y": 0.9300000071525574, "x": -0.40299999713897705, "z": -2.0239999294281006}, "pivotSimObjs": [], "openable": false, "distance": 0.8488137722015381, "rotation": {"y": 0.0, "x": 0.0, "z": 0.0}, "activatable": false, "name": "Apple"}, {"receptacle": false, "cameraHorizon": 0.0, "objectType": "Lettuce", "objectId": "Lettuce|-00.33|+00.74|-00.69", "timeleft": 0.0, "isopen": false, "isactivate": false, "receptacleCount": 0, "bounds3D": [-0.42987868189811707, 0.7445617914199829, -0.7644813060760498, -0.27457037568092346, 0.8978313207626343, -0.614234447479248], "temperature": 77.0, "visible": false, "parentReceptacle": "Fridge|-00.22|00.00|-00.83", "receptacleObjectIds": [], "pickupable": true, "position": {"y": 0.7358768582344055, "x": -0.2137332707643509, "z": -0.6933581233024597}, "pivotSimObjs": [], "openable": false, "distance": 1.6854544878005981, "rotation": {"y": 270.0, "x": 0.0, "z": 0.0}, "activatable": false, "name": "Lettuce1"}, {"receptacle": true, "cameraHorizon": 0.0, "objectType": "Microwave", "objectId": "Microwave|-00.17|+01.49|-02.06", "timeleft": 10.0, "isopen": false, "isactivate": false, "receptacleCount": 1, "bounds3D": [-0.3505246043205261, 1.5073667764663696, -2.2319486141204834, 0.009090721607208252, 1.8599165678024292, -1.720513105392456], "temperature": 77.0, "visible": true, "parentReceptacle": "", "receptacleObjectIds": [], "pickupable": false, "position": {"y": 1.485553503036499, "x": -0.1746000051498413, "z": -2.055999994277954}, "pivotSimObjs": [], "openable": true, "distance": 1.1896246671676636, "rotation": {"y": 0.0, "x": 0.0, "z": 0.0}, "activatable": true, "name": "Microwave4"}], "screenWidth": 300, "collided": false, "colors": [], "lastAction": "RotateRight", "inventoryObjects": [], "screenHeight": 300, "collidedObjects": [], "agentId": 0, "sceneName": "testing", "lastActionSuccess": true, "errorCode": "", "errorMessage": ""}