{"screenWidth": 800, "colors": [], "collided": false, "errorCode": "", "objects": [{"distance": 1.8210160732269287, "cameraHorizon": 0.0, "activatable": false, "pickupable": false, "name": "Tabletop", "objectType": "TableTop", "timeleft": 0.0, "objectId": "TableTop|-02.08|+00.94|-03.62", "rotation": {"x": 0.0, "y": 90.0, "z": 0.0}, "bounds3D": [-2.5750010013580322, 0.8563164472579956, -3.647000312805176, -1.5749990940093994, 0.9563164710998535, -3.3069992065429688], "parentReceptacle": "", "receptacle": true, "openable": false, "isactivate": false, "receptacleCount": 4, "pivotSimObjs": [], "isopen": false, "receptacleObjectIds": [], "position": {"x": -2.075000047683716, "y": 0.9433164596557617, "z": -3.622999906539917}, "temperature": 77.0, "visible": false}, {"distance": 1.5288124084472656, "cameraHorizon": 0.0, "activatable": false, "pickupable": true, "name": "Tomato", "objectType": "Tomato", "timeleft": 0.0, "objectId": "Tomato|-01.32|+00.93|-03.53", "rotation": {"x": 0.0, "y": 0.0, "z": 0.0}, "bounds3D": [-1.3571513891220093, 0.929940938949585, -3.5573203563690186, -1.2933484315872192, 0.9833731651306152, -3.4935271739959717], "parentReceptacle": "", "receptacle": false, "openable": false, "isactivate": false, "receptacleCount": 0, "pivotSimObjs": [], "isopen": false, "receptacleObjectIds": [], "position": {"x": -1.3221999406814575, "y": 0.9303702116012573, "z": -3.5262999534606934}, "temperature": 77.0, "visible": false}, {"distance": 1.4419174194335938, "cameraHorizon": 0.0, "activatable": false, "pickupable": true, "name": "Container", "objectType": "Container", "timeleft": 0.0, "objectId": "Container|-00.16|+00.93|-02.94", "rotation": {"x": 0.0, "y": 0.0, "z": 0.0}, "bounds3D": [-0.21095620095729828, 0.9303669929504395, -2.992823362350464, -0.09956331551074982, 1.1846275329589844, -2.8814303874969482], "parentReceptacle": "", "receptacle": false, "openable": false, "isactivate": false, "receptacleCount": 0, "pivotSimObjs": [], "isopen": false, "receptacleObjectIds": [], "position": {"x": -0.15525996685028076, "y": 0.9303703308105469, "z": -2.937127113342285}, "temperature": 77.0, "visible": false}, {"distance": 1.8407412767410278, "cameraHorizon": 0.0, "activatable": false, "pickupable": false, "name": "Fridge1", "objectType": "Fridge", "timeleft": 0.0, "objectId": "Fridge|-00.22|00.00|-00.83", "rotation": {"x": 0.0, "y": 270.0, "z": 0.0}, "bounds3D": [-0.40836191177368164, 0.14085793495178223, -1.15748929977417, 0.030406057834625244, 1.7145073413848877, -0.5005106925964355], "parentReceptacle": "", "receptacle": true, "openable": true, "isactivate": false, "receptacleCount": 6, "pivotSimObjs": [{"objectId": "Egg|-00.21|+00.27|-00.83", "pivotId": 0}, {"objectId": "Lettuce|-00.33|+00.74|-00.69", "pivotId": 1}], "isopen": false, "receptacleObjectIds": ["Egg|-00.21|+00.27|-00.83", "Lettuce|-00.33|+00.74|-00.69"], "position": {"x": -0.22300000488758087, "y": -0.0010000000474974513, "z": -0.8289999961853027}, "temperature": 77.0, "visible": false}, {"distance": 2.2307581901550293, "cameraHorizon": 0.0, "activatable": false, "pickupable": false, "name": "GarbageCan", "objectType": "GarbageCan", "timeleft": 0.0, "objectId": "GarbageCan|-00.36|00.00|-00.21", "rotation": {"x": 0.0, "y": 0.0, "z": 0.0}, "bounds3D": [-0.553860604763031, 0.2711416482925415, -0.4028606414794922, -0.16013938188552856, 0.6648629307746887, -0.00913935899734497], "parentReceptacle": "", "receptacle": true, "openable": false, "isactivate": false, "receptacleCount": 1, "pivotSimObjs": [], "isopen": false, "receptacleObjectIds": [], "position": {"x": -0.3569999933242798, "y": -3.196139175543067e-08, "z": -0.20600000023841858}, "temperature": 77.0, "visible": false}, {"distance": 1.3442987203598022, "cameraHorizon": 0.0, "activatable": false, "pickupable": true, "name": "Knife1", "objectType": "Knife", "timeleft": 0.0, "objectId": "Knife|-00.14|+01.12|-02.75", "rotation": {"x": 10.637146949768066, "y": 274.3685607910156, "z": 270.0}, "bounds3D": [-0.19851021468639374, 0.9635931253433228, -2.7536282539367676, -0.09219704568386078, 1.3012911081314087, -2.7334327697753906], "parentReceptacle": "", "receptacle": false, "openable": false, "isactivate": false, "receptacleCount": 0, "pivotSimObjs": [], "isopen": false, "receptacleObjectIds": [], "position": {"x": -0.14190000295639038, "y": 1.117300033569336, "z": -2.7486000061035156}, "temperature": 77.0, "visible": false}, {"distance": 0.6995318531990051, "cameraHorizon": 0.0, "activatable": false, "pickupable": false, "name": "StoveKnob2_Range4", "objectType": "StoveKnob", "timeleft": 0.0, "objectId": "StoveKnob|-00.62|+00.90|-02.29", "rotation": {"x": 315.0, "y": 89.97400665283203, "z": 180.03199768066406}, "bounds3D": [-0.6566448211669922, 0.8584824800491333, -2.3290677070617676, -0.5764960050582886, 0.9386582374572754, -2.2489333152770996], "parentReceptacle": "", "receptacle": false, "openable": false, "isactivate": false, "receptacleCount": 0, "pivotSimObjs": [], "isopen": false, "receptacleObjectIds": [], "position": {"x": -0.6179999709129333, "y": 0.8999999761581421, "z": -2.2890000343322754}, "temperature": 77.0, "visible": false}, {"distance": 2.23416805267334, "cameraHorizon": 0.0, "activatable": false, "pickupable": false, "name": "Chair5", "objectType": "Chair", "timeleft": 0.0, "objectId": "Chair|-02.37|00.00|-00.34", "rotation": {"x": 0.0, "y": 74.23304748535156, "z": 0.0}, "bounds3D": [-2.631635904312134, 0.0006269514560699463, -0.5860762000083923, -2.1034586429595947, 0.874946117401123, -0.019182145595550537], "parentReceptacle": "", "receptacle": false, "openable": false, "isactivate": false, "receptacleCount": 0, "pivotSimObjs": [], "isopen": false, "receptacleObjectIds": [], "position": {"x": -2.371999979019165, "y": -5.653919288306497e-07, "z": -0.33500000834465027}, "temperature": 77.0, "visible": false}, {"distance": 1.217381477355957, "cameraHorizon": 0.0, "activatable": false, "pickupable": false, "name": "Toaster1", "objectType": "Toaster", "timeleft": 0.0, "objectId": "Toaster|-00.16|+00.93|-01.45", "rotation": {"x": 0.0, "y": 0.0, "z": 0.0}, "bounds3D": [-0.2558910846710205, 0.9301429390907288, -1.6137478351593018, -0.0713789314031601, 1.1241569519042969, -1.2920067310333252], "parentReceptacle": "", "receptacle": false, "openable": false, "isactivate": false, "receptacleCount": 0, "pivotSimObjs": [], "isopen": false, "receptacleObjectIds": [], "position": {"x": -0.1636350154876709, "y": 0.9301429986953735, "z": -1.4528772830963135}, "temperature": 77.0, "visible": true}, {"distance": 1.510046124458313, "cameraHorizon": 0.0, "activatable": false, "pickupable": false, "name": "Cabinet", "objectType": "Cabinet", "timeleft": 0.0, "objectId": "Cabinet|-01.01|+00.39|-03.37", "rotation": {"x": 270.019775390625, "y": 0.0, "z": 0.0}, "bounds3D": [-0.9107891321182251, 0.3888453245162964, -3.368778705596924, -0.9107891321182251, 0.3888453245162964, -3.368778705596924], "parentReceptacle": "", "receptacle": true, "openable": true, "isactivate": false, "receptacleCount": 1, "pivotSimObjs": [], "isopen": false, "receptacleObjectIds": [], "position": {"x": -1.010789155960083, "y": 0.3888453245162964, "z": -3.368778705596924}, "temperature": 77.0, "visible": false}, {"distance": 1.545120120048523, "cameraHorizon": 0.0, "activatable": false, "pickupable": false, "name": "Sink", "objectType": "Sink", "timeleft": 0.0, "objectId": "Sink|-00.61|+00.94|-03.40", "rotation": {"x": 0.0, "y": 44.999996185302734, "z": 0.0}, "bounds3D": [-1.0901057720184326, 0.7320617437362671, -3.888105630874634, -0.12189435958862305, 0.952538251876831, -2.9198944568634033], "parentReceptacle": "", "receptacle": true, "openable": false, "isactivate": false, "receptacleCount": 4, "pivotSimObjs": [], "isopen": false, "receptacleObjectIds": [], "position": {"x": -0.6060000061988831, "y": 0.9419999718666077, "z": -3.4040000438690186}, "temperature": 77.0, "visible": false}, {"distance": 1.716532826423645, "cameraHorizon": 0.0, "activatable": false,