{"collidedObjects": [], "colorBounds": [], "colors": [], "lastAction": "MoveLeft", "errorMessage": "", "objects": [{"activatable": false, "distance": 2.139087438583374, "bounds3D": [-1.6345036029815674, 0.8563164472579956, -3.8617677688598633, -1.2893247604370117, 0.9563164710998535, -3.374244213104248], "timeleft": 0.0, "parentReceptacle": "", "temperature": 77.0, "rotation": {"z": 0.0, "x": 0.0, "y": 358.8034362792969}, "position": {"z": -3.615000009536743, "x": -1.3179999589920044, "y": 0.9433164596557617}, "receptacle": true, "cameraHorizon": 0.0, "pivotSimObjs": [], "objectType": "CounterTop", "isactivate": false, "pickupable": false, "visible": false, "objectId": "CounterTop|-01.32|+00.94|-03.62", "receptacleObjectIds": [], "openable": false, "name": "Countertop", "receptacleCount": 4, "isopen": false}, {"activatable": false, "distance": 1.3930976390838623, "bounds3D": [-0.581079363822937, 0.9664645195007324, -2.809018850326538, -0.5168324708938599, 1.1443049907684326, -2.74477219581604], "timeleft": 0.0, "parentReceptacle": "", "temperature": 77.0, "rotation": {"z": 0.0, "x": 0.0, "y": 0.0}, "position": {"z": -2.818000078201294, "x": -0.5490000247955322, "y": 0.9660000205039978}, "receptacle": false, "cameraHorizon": 0.0, "pivotSimObjs": [], "objectType": "WaterBottle", "isactivate": false, "pickupable": true, "visible": false, "objectId": "WaterBottle|-00.55|+00.97|-02.82", "receptacleObjectIds": [], "openable": false, "name": "Water Bottle", "receptacleCount": 0, "isopen": false}, {"activatable": false, "distance": 1.9004489183425903, "bounds3D": [-2.6754062175750732, 0.14085793495178223, -1.0280295610427856, -2.236637830734253, 1.7145073413848877, -0.38797032833099365], "timeleft": 0.0, "parentReceptacle": "", "temperature": 77.0, "rotation": {"z": 0.0, "x": 0.0, "y": 90.00004577636719}, "position": {"z": -0.7080000042915344, "x": -2.421999931335449, "y": -0.0009999871253967285}, "receptacle": true, "cameraHorizon": 0.0, "pivotSimObjs": [{"objectId": "Apple|-02.43|+00.27|-00.71", "pivotId": 0}], "objectType": "Fridge", "isactivate": false, "pickupable": false, "visible": false, "objectId": "Fridge|-02.42|00.00|-00.71", "receptacleObjectIds": ["Apple|-02.43|+00.27|-00.71"], "openable": true, "name": "Fridge1", "receptacleCount": 6, "isopen": false}, {"activatable": false, "distance": 0.861264169216156, "bounds3D": [-0.5506582260131836, 0.9310935139656067, -2.140059471130371, -0.30789685249328613, 0.9508116841316223, -2.107940673828125], "timeleft": 0.0, "parentReceptacle": "", "temperature": 77.0, "rotation": {"z": 0.0, "x": -1.0245284101983998e-05, "y": 0.0}, "position": {"z": -2.124000072479248, "x": -0.40799999237060547, "y": 0.9359999895095825}, "receptacle": false, "cameraHorizon": 0.0, "pivotSimObjs": [], "objectType": "Fork", "isactivate": false, "pickupable": true, "visible": false, "objectId": "Fork|-00.41|+00.94|-02.12", "receptacleObjectIds": [], "openable": false, "name": "Fork1", "receptacleCount": 0, "isopen": false}, {"activatable": false, "distance": 1.7824655771255493, "bounds3D": [-2.4755778312683105, 0.28116023540496826, -0.7498972415924072, -2.387070655822754, 0.37256479263305664, -0.6648740768432617], "timeleft": 0.0, "parentReceptacle": "Fridge|-02.42|00.00|-00.71", "temperature": 67.0, "rotation": {"z": 0.0, "x": 0.0, "y": 90.00004577636719}, "position": {"z": -0.7080000042915344, "x": -2.4312667846679688, "y": 0.2719060778617859}, "receptacle": false, "cameraHorizon": 0.0, "pivotSimObjs": [], "objectType": "Apple", "isactivate": false, "pickupable": true, "visible": false, "objectId": "Apple|-02.43|+00.27|-00.71", "receptacleObjectIds": [], "openable": false, "name": "Apple", "receptacleCount": 0, "isopen": false}, {"activatable": false, "distance": 1.225588083267212, "bounds3D": [-0.5475720167160034, 0.9411420226097107, -2.658572196960449, -0.4784280061721802, 1.0740389823913574, -2.589427947998047], "timeleft": 0.0, "parentReceptacle": "", "temperature": 77.0, "rotation": {"z": 0.0, "x": 0.0, "y": 0.0}, "position": {"z": -2.624000072479248, "x": -0.5130000114440918, "y": 0.9409999847412109}, "receptacle": false, "cameraHorizon": 0.0, "pivotSimObjs": [], "objectType": "SodaCan", "isactivate": false, "pickupable": true, "visible": false, "objectId": "SodaCan|-00.51|+00.94|-02.62", "receptacleObjectIds": [], "openable": false, "name": "Soda Can", "receptacleCount": 0, "isopen": false}, {"activatable": false, "distance": 1.2305971384048462, "bounds3D": [-0.5298820734024048, 0.3888453245162964, -2.5298638343811035, -0.5298820734024048, 0.3888453245162964, -2.5298638343811035], "timeleft": 0.0, "parentReceptacle": "", "temperature": 77.0, "rotation": {"z": 0.0, "x": 270.019775390625, "y": 0.0}, "position": {"z": -2.5138638019561768, "x": -0.6298820972442627, "y": 0.3888453245162964}, "receptacle": true, "cameraHorizon": 0.0, "pivotSimObjs": [], "objectType": "Cabinet", "isactivate": false, "pickupable": false, "visible": false, "objectId": "Cabinet|-00.63|+00.39|-02.51", "receptacleObjectIds": [], "openable": true, "name": "Cabinet", "receptacleCount": 1, "isopen": false}, {"activatable": false, "distance": 1.9447097778320312, "bounds3D": [-1.0901057720184326, 0.7320617437362671, -3.888105630874634, -0.12189435958862305, 0.952538251876831, -2.9198944568634033], "timeleft": 0.0, "parentReceptacle": "", "temperature": 77.0, "rotation": {"z": 0.0, "x": 0.0, "y": 44.999996185302734}, "position": {"z": -3.4040000438690186, "x": -0.6060000061988831, "y": 0.9419999718666077}, "receptacle": true, "cameraHorizon": 0.0, "pivotSimObjs": [], "objectType": "Sink", "isactivate": false, "pickupable": false, "visible": false, "objectId": "Sink|-00.61|+00.94|-03.40", "receptacleObjectIds": [], "openable": false, "name": "Sink", "receptacleCount": 4, "isopen": false}, {"activatable": false, "distance": 0.47713688015937805, "bounds3D": [-0.5823808312416077, 0.9301429986953735, -1.6293951272964478, -0.48238080739974976, 1.0301430225372314, -1.5293952226638794], "timeleft": 0.0, "parentReceptacle": "", "temperature": 77.0, "rotation": {"z": 0.0, "x": 0.0, "y": 0.0}, "position": {"z": -1.5799167156219482, "x": -0.5322529077529907, "y": 0.9301429986953735}, "receptacle": true, "cameraHorizon": 0.0, "pivotSimObjs": [], "objectType": "Mug", "isactivate": false, "pickupable": false, "visible": true, "objectId": "Mug|-00.53|+00.93|-01.58", "receptacleObjectIds": [], "openable": false, "name": "CoffeeCup1", "receptacleCount": 1, "isopen": false}, {"activatable": false, "distance": 1.3532432317733765, "bounds3D": [-0.6150000095367432, 0.777635395526886, -2.7390687465667725, -0.6150000095367432, 0.777635395526886, -2.7390687465667725], "timeleft": 0.0, "parentReceptacle": "", "temperature": 77.0, "rotation": {"z": 0.0, "x": 270.019775390625, "y": 0.0}, "position": {"z": -2.7390687465667725, "x": -0.4950000047683716, "y": 0.777635395526886}, "receptacle": true, "cameraHorizon": 0.0, "pivotSimObjs": [], "objectType": "Drawer", "isactivate": false, "pickupable": false, "visible": false, "objectId": "Drawer|-00.50|+00.78|-02.74", "receptacleObjectIds": [], "openable": true, "name": "Drawer", "receptacleCount": 3, "isopen": false}, {"activatable": false, "distance": 0.9971171617507935, "bounds3D": [-0.543344259262085, 0.8563164472579956, -1.1311029195785522, -0.1966623067855835, 0.9563164710998535, -0.12885057926177979], "timeleft": 0.0, "parentReceptacle": "", "temperature": 77.0, "rotation": {"z": 0.0, "x": 0.0, "y": 180.38330078125}, "position": {"z": -0.6290000081062317, "x": -0.515999972820282, "y": 0.9433164596557617}, "receptacle": true, "cameraHorizon": 0.0, "pivotSimObjs": [], "objectType": "TableTop", "isactivate": false, "pickupable": false, "visible": true, "objectId": "TableTop|-00.52|+00.94|-00.63", "receptacleObjectIds": [], "openable": false, "name": "Tabletop", "receptacleCount": 4, "isopen": false}, {"activatable": false, "distance": 2.2232203483581543,